Page location,Page referrer,Event count,Event count
https://sacrd.org/directory/subcategory/food-delivery?zipcode=78207,https://sacrd.org/directory/organization?zipcode=78218,2,2
https://sacrd.org/directory/subcategory/nutrition-education?zipcode=78210,https://sacrd.org/directory/organization?zipcode=78210,1,1
https://sacrd.org/directory/subcategory/community-garden?zipcode=78237,https://sacrd.org/directory/organization?zipcode=78228,1,1
https://sacrd.org/directory/organization?zipcode=78205,(direct),2,2
https://sacrd.org/directory/subcategory/youth-programs?zipcode=78237,https://www.google.com/,1,1
https://sacrd.org/directory/organization?zipcode=78207,https://www.google.com/,2,2
https://sacrd.org/directory/subcategory/senior-programs?zipcode=78218,(direct),1,1
https://sacrd.org/directory/subcategory/food-delivery?zipcode=78210,https://www.instagram.com/,1,1
https://sacrd.org/directory/organization?zipcode=78201,https://www.google.com/,1,1
https://sacrd.org/directory/subcategory/transportation-assistance?zipcode=78210,(direct),1,1
https://sacrd.org/directory/subcategory/community-garden?zipcode=78211,https://www.instagram.com/,3,3
https://sacrd.org/directory/organization?zipcode=78214,https://www.google.com/,1,1
https://sacrd.org/directory/subcategory/food-pantry?zipcode=78214,(direct),1,1
https://sacrd.org/directory/subcategory/food-delivery?zipcode=78205,(direct),1,1
https://sacrd.org/directory/organization?zipcode=78202,https://sacrd.org/directory/organization?zipcode=78202,1,1
https://sacrd.org/directory/subcategory/counseling?zipcode=78207,https://www.facebook.com/,1,1
https://sacrd.org/directory/subcategory/transportation-assistance?zipcode=78210,https://www.google.com/,1,1
https://sacrd.org/directory/subcategory/community-garden?zipcode=78228,https://www.facebook.com/,1,1
https://sacrd.org/directory/subcategory/food-delivery?zipcode=78214,https://sacrd.org/directory/organization?zipcode=78210,3,3
https://sacrd.org/directory/subcategory/nutrition-education?zipcode=78211,https://www.instagram.com/,3,3
https://sacrd.org/directory/organization?zipcode=78211,https://www.google.com/,2,2
https://sacrd.org/directory/subcategory/affordable-fresh-food?zipcode=78218,https://www.instagram.com/,1,1
https://sacrd.org/directory/organization?zipcode=78210,(direct),1,1
https://sacrd.org/directory/subcategory/counseling?zipcode=78205,https://sacrd.org/directory/organization?zipcode=78218,3,3
https://sacrd.org/directory/subcategory/senior-programs?zipcode=78214,https://www.google.com/,2,2
https://sacrd.org/directory/organization?zipcode=78228,(direct),2,2
https://sacrd.org/directory/subcategory/emergency-food?zipcode=78237,(direct),1,1
https://sacrd.org/directory/subcategory/job-training?zipcode=78201,(direct),3,3
https://sacrd.org/directory/organization?zipcode=78202,https://sacrd.org/directory/organization?zipcode=78203,1,1
https://sacrd.org/directory/organization?zipcode=78205,https://www.instagram.com/,1,1
https://sacrd.org/directory/subcategory/free-meals?zipcode=78218,https://sacrd.org/directory/organization?zipcode=78228,1,1
https://sacrd.org/directory/subcategory/community-garden?zipcode=78201,https://sacrd.org/directory/organization?zipcode=78211,3,3
https://sacrd.org/directory/subcategory/nutrition-education?zipcode=78210,https://sacrd.org/directory/organization?zipcode=78202,1,1
https://sacrd.org/directory/subcategory/emergency-food?zipcode=78207,https://www.google.com/,1,1
https://sacrd.org/directory/subcategory/transportation-assistance?zipcode=78211,https://www.facebook.com/,1,1
https://sacrd.org/directory/subcategory/transportation-assistance?zipcode=78201,https://www.google.com/,1,1
https://sacrd.org/directory/subcategory/nutrition-education?zipcode=78210,https://sacrd.org/directory/organization?zipcode=78202,1,1
https://sacrd.org/directory/subcategory/dental-care?zipcode=78228,(direct),1,1
https://sacrd.org/directory/subcategory/food-pantry?zipcode=78202,(direct),1,1
https://sacrd.org/directory/subcategory/food-pantry?zipcode=78214,https://sacrd.org/directory/organization?zipcode=78205,1,1
https://sacrd.org/directory/subcategory/transportation-assistance?zipcode=78228,https://www.google.com/,1,1
https://sacrd.org/directory/subcategory/transportation-assistance?zipcode=78211,(direct),1,1
https://sacrd.org/directory/subcategory/community-garden?zipcode=78203,https://www.google.com/,1,1
https://sacrd.org/directory/subcategory/help-pay-for-food?zipcode=78211,https://sacrd.org/directory/organization?zipcode=78201,2,2
https://sacrd.org/directory/subcategory/community-garden?zipcode=78228,https://sacrd.org/directory/organization?zipcode=78203,1,1
https://sacrd.org/directory/subcategory/food-pantry?zipcode=78214,https://www.instagram.com/,3,3
https://sacrd.org/directory/subcategory/free-meals?zipcode=78237,https://www.facebook.com/,1,1
https://sacrd.org/directory/subcategory/job-training?zipcode=78218,https://www.instagram.com/,2,2
https://sacrd.org/directory/subcategory/food-delivery?zipcode=78203,https://www.instagram.com/,1,1
https://sacrd.org/directory/subcategory/transportation-assistance?zipcode=78218,https://www.facebook.com/,2,2
https://sacrd.org/directory/subcategory/food-pantry?zipcode=78214,https://www.facebook.com/,1,1
https://sacrd.org/directory/subcategory/clothing?zipcode=78228,https://sacrd.org/directory/organization?zipcode=78203,2,2
https://sacrd.org/directory/subcategory/counseling?zipcode=78201,https://www.instagram.com/,1,1
https://sacrd.org/directory/subcategory/emergency-food?zipcode=78214,https://sacrd.org/directory/organization?zipcode=78202,1,1
https://sacrd.org/directory/subcategory/mental-healthcare?zipcode=78237,https://www.instagram.com/,2,2
https://sacrd.org/directory/subcategory/job-training?zipcode=78210,https://sacrd.org/directory/organization?zipcode=78201,1,1
https://sacrd.org/directory/subcategory/mental-healthcare?zipcode=78205,https://www.facebook.com/,2,2
https://sacrd.org/directory/subcategory/food-delivery?zipcode=78210,https://www.facebook.com/,2,2
https://sacrd.org/directory/organization?zipcode=78205,https://sacrd.org/directory/organization?zipcode=78210,1,1
https://sacrd.org/directory/subcategory/food-delivery?zipcode=78228,https://www.instagram.com/,1,1
https://sacrd.org/directory/subcategory/job-training?zipcode=78207,(direct),1,1
https://sacrd.org/directory/subcategory/transportation-assistance?zipcode=78228,https://www.google.com/,1,1
https://sacrd.org/directory/subcategory/emergency-food?zipcode=78203,(direct),3,3
https://sacrd.org/directory/organization?zipcode=78218,https://sacrd.org/directory/organization?zipcode=78205,3,3
https://sacrd.org/directory/subcategory/clothing?zipcode=78237,(direct),3,3
https://sacrd.org/directory/subcategory/transportation-assistance?zipcode=78201,https://sacrd.org/directory/organization?zipcode=78237,3,3
https://sacrd.org/directory/organization?zipcode=78210,https://www.facebook.com/,1,1
https://sacrd.org/directory/subcategory/youth-programs?zipcode=78218,https://sacrd.org/directory/organization?zipcode=78218,3,3
https://sacrd.org/directory/subcategory/nutrition-education?zipcode=78205,(direct),1,1
https://sacrd.org/directory/subcategory/food-pantry?zipcode=78201,(direct),2,2
https://sacrd.org/directory/subcategory/financial-education?zipcode=78205,https://www.google.com/,1,1
https://sacrd.org/directory/subcategory/nutrition-education?zipcode=78210,https://sacrd.org/directory/organization?zipcode=78237,1,1
https://sacrd.org/directory/subcategory/job-training?zipcode=78211,https://www.facebook.com/,2,2
https://sacrd.org/directory/subcategory/senior-programs?zipcode=78205,https://sacrd.org/directory/organization?zipcode=78210,2,2
https://sacrd.org/directory/subcategory/affordable-fresh-food?zipcode=78218,(direct),2,2
https://sacrd.org/directory/subcategory/community-garden?zipcode=78202,https://sacrd.org/directory/organization?zipcode=78202,3,3
https://sacrd.org/directory/subcategory/nutrition-education?zipcode=78201,https://www.google.com/,1,1
https://sacrd.org/directory/subcategory/transportation-assistance?zipcode=78214,https://www.instagram.com/,1,1
https://sacrd.org/directory/subcategory/transportation-assistance?zipcode=78237,https://www.instagram.com/,1,1
https://sacrd.org/directory/subcategory/community-garden?zipcode=78228,(direct),1,1
https://sacrd.org/directory/organization?zipcode=78211,(direct),1,1
https://sacrd.org/directory/organization?zipcode=78237,(direct),1,1
https://sacrd.org/directory/subcategory/senior-programs?zipcode=78205,https://sacrd.org/directory/organization?zipcode=78228,1,1
https://sacrd.org/directory/subcategory/counseling?zipcode=78205,(direct),1,1
https://sacrd.org/directory/organization?zipcode=78211,https://www.google.com/,1,1
https://sacrd.org/directory/subcategory/transportation-assistance?zipcode=78201,https://www.instagram.com/,1,1
https://sacrd.org/directory/subcategory/community-garden?zipcode=78237,(direct),2,2
https://sacrd.org/directory/subcategory/job-training?zipcode=78203,https://www.facebook.com/,1,1
https://sacrd.org/directory/subcategory/free-meals?zipcode=78201,https://www.google.com/,1,1
https://sacrd.org/directory/organization?zipcode=78218,https://www.instagram.com/,1,1
https://sacrd.org/directory/organization?zipcode=78205,https://www.facebook.com/,1,1
https://sacrd.org/directory/subcategory/financial-education?zipcode=78214,(direct),2,2
https://sacrd.org/directory/organization?zipcode=78228,https://www.facebook.com/,1,1
https://sacrd.org/directory/subcategory/senior-programs?zipcode=78203,https://www.instagram.com/,1,1
https://sacrd.org/directory/subcategory/affordable-fresh-food?zipcode=78201,https://www.instagram.com/,2,2
https://sacrd.org/directory/organization?zipcode=78205,https://www.instagram.com/,1,1
https://sacrd.org/directory/organization?zipcode=78203,https://sacrd.org/directory/organization?zipcode=78210,1,1
https://sacrd.org/directory/subcategory/emergency-food?zipcode=78201,https://www.instagram.com/,1,1
https://sacrd.org/directory/organization?zipcode=78228,https://sacrd.org/directory/organization?zipcode=78201,1,1
https://sacrd.org/directory/subcategory/food-pantry?zipcode=78207,https://www.google.com/,1,1
https://sacrd.org/directory/subcategory/emergency-food?zipcode=78218,https://www.google.com/,2,2
https://sacrd.org/directory/organization?zipcode=78202,https://www.instagram.com/,2,2
https://sacrd.org/directory/organization?zipcode=78202,https://www.instagram.com/,1,1
https://sacrd.org/directory/subcategory/childcare?zipcode=78210,(direct),3,3
https://sacrd.org/directory/subcategory/community-garden?zipcode=78202,https://www.google.com/,1,1
https://sacrd.org/directory/subcategory/financial-education?zipcode=78211,https://www.instagram.com/,3,3
https://sacrd.org/directory/subcategory/nutrition-education?zipcode=78205,(direct),1,1
https://sacrd.org/directory/organization?zipcode=78218,https://www.google.com/,1,1
https://sacrd.org/directory/subcategory/community-garden?zipcode=78207,(direct),3,3
https://sacrd.org/directory/subcategory/help-pay-for-food?zipcode=78205,(direct),1,1
https://sacrd.org/directory/organization?zipcode=78218,(direct),1,1
https://sacrd.org/directory/subcategory/youth-programs?zipcode=78218,(direct),2,2
https://sacrd.org/directory/subcategory/job-training?zipcode=78214,(direct),2,2
https://sacrd.org/directory/organization?zipcode=78205,https://www.google.com/,1,1
https://sacrd.org/directory/organization?zipcode=78207,https://www.google.com/,3,3
https://sacrd.org/directory/subcategory/emergency-food?zipcode=78210,https://sacrd.org/directory/organization?zipcode=78203,1,1
https://sacrd.org/directory/subcategory/food-delivery?zipcode=78218,https://www.instagram.com/,1,1
https://sacrd.org/directory/subcategory/transportation-assistance?zipcode=78210,https://www.instagram.com/,1,1
https://sacrd.org/directory/subcategory/childcare?zipcode=78214,https://www.google.com/,1,1
https://sacrd.org/directory/subcategory/job-training?zipcode=78207,https://www.facebook.com/,2,2
https://sacrd.org/directory/subcategory/free-meals?zipcode=78218,https://www.google.com/,1,1
https://sacrd.org/directory/subcategory/financial-education?zipcode=78202,https://www.facebook.com/,1,1
https://sacrd.org/directory/subcategory/emergency-food?zipcode=78210,https://www.facebook.com/,1,1
https://sacrd.org/directory/organization?zipcode=78228,https://www.facebook.com/,1,1
https://sacrd.org/directory/organization?zipcode=78207,https://www.instagram.com/,2,2
https://sacrd.org/directory/subcategory/food-pantry?zipcode=78237,https://www.google.com/,3,3
https://sacrd.org/directory/organization?zipcode=78205,https://www.instagram.com/,1,1
https://sacrd.org/directory/subcategory/affordable-fresh-food?zipcode=78228,https://www.instagram.com/,1,1
https://sacrd.org/directory/organization?zipcode=78202,https://www.instagram.com/,1,1
https://sacrd.org/directory/subcategory/youth-programs?zipcode=78214,https://www.google.com/,1,1
https://sacrd.org/directory/organization?zipcode=78203,https://www.instagram.com/,2,2
https://sacrd.org/directory/subcategory/community-garden?zipcode=78210,https://www.instagram.com/,2,2
https://sacrd.org/directory/subcategory/transportation-assistance?zipcode=78218,(direct),2,2
https://sacrd.org/directory/organization?zipcode=78203,(direct),2,2
https://sacrd.org/directory/subcategory/help-pay-for-food?zipcode=78228,https://www.instagram.com/,1,1
https://sacrd.org/directory/subcategory/community-garden?zipcode=78211,https://www.instagram.com/,1,1
https://sacrd.org/directory/subcategory/transportation-assistance?zipcode=78228,https://sacrd.org/directory/organization?zipcode=78207,1,1
https://sacrd.org/directory/subcategory/help-pay-for-food?zipcode=78237,https://www.instagram.com/,1,1
https://sacrd.org/directory/organization?zipcode=78205,https://www.facebook.com/,1,1
https://sacrd.org/directory/subcategory/childcare?zipcode=78207,https://sacrd.org/directory/organization?zipcode=78214,1,1
https://sacrd.org/directory/subcategory/childcare?zipcode=78201,https://www.instagram.com/,1,1
https://sacrd.org/directory/subcategory/youth-programs?zipcode=78202,https://sacrd.org/directory/organization?zipcode=78214,1,1
https://sacrd.org/directory/organization?zipcode=78205,https://www.instagram.com/,2,2
https://sacrd.org/directory/subcategory/job-training?zipcode=78237,https://www.facebook.com/,1,1
https://sacrd.org/directory/subcategory/food-pantry?zipcode=78218,https://www.google.com/,1,1
https://sacrd.org/directory/subcategory/transportation-assistance?zipcode=78203,(direct),2,2
https://sacrd.org/directory/organization?zipcode=78218,https://www.instagram.com/,1,1
https://sacrd.org/directory/subcategory/senior-programs?zipcode=78201,https://www.instagram.com/,1,1
https://sacrd.org/directory/subcategory/food-pantry?zipcode=78207,https://www.instagram.com/,1,1
https://sacrd.org/directory/subcategory/help-pay-for-food?zipcode=78228,https://www.google.com/,2,2
https://sacrd.org/directory/subcategory/food-pantry?zipcode=78202,https://www.google.com/,3,3
https://sacrd.org/directory/organization?zipcode=78203,https://www.facebook.com/,2,2
https://sacrd.org/directory/organization?zipcode=78202,https://www.instagram.com/,1,1
https://sacrd.org/directory/organization?zipcode=78218,https://sacrd.org/directory/organization?zipcode=78202,1,1
https://sacrd.org/directory/subcategory/dental-care?zipcode=78210,https://www.google.com/,1,1
https://sacrd.org/directory/subcategory/food-pantry?zipcode=78214,https://www.instagram.com/,1,1
https://sacrd.org/directory/subcategory/youth-programs?zipcode=78211,https://sacrd.org/directory/organization?zipcode=78201,1,1
https://sacrd.org/directory/subcategory/food-pantry?zipcode=78203,https://www.instagram.com/,1,1
https://sacrd.org/directory/subcategory/help-pay-for-food?zipcode=78202,https://www.google.com/,1,1
https://sacrd.org/directory/subcategory/community-garden?zipcode=78207,(direct),1,1
https://sacrd.org/directory/subcategory/community-garden?zipcode=78207,https://www.google.com/,1,1
https://sacrd.org/directory/subcategory/transportation-assistance?zipcode=78201,https://www.facebook.com/,1,1
https://sacrd.org/directory/subcategory/clothing?zipcode=78201,https://www.instagram.com/,2,2
https://sacrd.org/directory/subcategory/job-training?zipcode=78237,https://sacrd.org/directory/organization?zipcode=78237,1,1
https://sacrd.org/directory/subcategory/mental-healthcare?zipcode=78207,https://sacrd.org/directory/organization?zipcode=78201,2,2
https://sacrd.org/directory/subcategory/food-delivery?zipcode=78205,https://www.google.com/,1,1
https://sacrd.org/directory/organization?zipcode=78211,https://www.google.com/,2,2
https://sacrd.org/directory/organization?zipcode=78202,https://www.google.com/,2,2
https://sacrd.org/directory/subcategory/community-garden?zipcode=78201,https://www.facebook.com/,1,1
https://sacrd.org/directory/subcategory/food-pantry?zipcode=78205,https://www.instagram.com/,3,3
https://sacrd.org/directory/subcategory/community-garden?zipcode=78202,https://www.facebook.com/,1,1
https://sacrd.org/directory/subcategory/food-delivery?zipcode=78211,https://www.google.com/,1,1
https://sacrd.org/directory/organization?zipcode=78202,(direct),1,1
https://sacrd.org/directory/subcategory/food-pantry?zipcode=78202,(direct),1,1
https://sacrd.org/directory/subcategory/food-pantry?zipcode=78202,https://www.google.com/,1,1
https://sacrd.org/directory/subcategory/counseling?zipcode=78202,https://www.instagram.com/,2,2
https://sacrd.org/directory/subcategory/clothing?zipcode=78203,https://www.instagram.com/,1,1
https://sacrd.org/directory/organization?zipcode=78201,https://www.instagram.com/,1,1
https://sacrd.org/directory/subcategory/food-pantry?zipcode=78205,https://www.google.com/,1,1
https://sacrd.org/directory/subcategory/nutrition-education?zipcode=78202,https://www.google.com/,2,2
https://sacrd.org/directory/subcategory/senior-programs?zipcode=78201,https://www.google.com/,1,1
https://sacrd.org/directory/subcategory/job-training?zipcode=78205,https://www.instagram.com/,2,2
https://sacrd.org/directory/subcategory/senior-programs?zipcode=78210,https://sacrd.org/directory/organization?zipcode=78237,1,1
https://sacrd.org/directory/organization?zipcode=78211,https://www.google.com/,2,2
https://sacrd.org/directory/subcategory/community-garden?zipcode=78210,https://sacrd.org/directory/organization?zipcode=78218,3,3
https://sacrd.org/directory/organization?zipcode=78237,(direct),3,3
https://sacrd.org/directory/subcategory/food-pantry?zipcode=78218,https://sacrd.org/directory/organization?zipcode=78237,1,1
https://sacrd.org/directory/organization?zipcode=78214,https://www.google.com/,3,3
https://sacrd.org/directory/subcategory/financial-education?zipcode=78203,https://www.google.com/,1,1
https://sacrd.org/directory/organization?zipcode=78202,https://www.google.com/,2,2
https://sacrd.org/directory/subcategory/transportation-assistance?zipcode=78205,https://www.facebook.com/,1,1
https://sacrd.org/directory/subcategory/affordable-fresh-food?zipcode=78214,https://sacrd.org/directory/organization?zipcode=78214,3,3
https://sacrd.org/directory/subcategory/food-pantry?zipcode=78210,https://www.instagram.com/,1,1
https://sacrd.org/directory/subcategory/senior-programs?zipcode=78228,https://www.instagram.com/,1,1
https://sacrd.org/directory/organization?zipcode=78211,(direct),1,1
https://sacrd.org/directory/subcategory/help-pay-for-food?zipcode=78218,https://www.instagram.com/,1,1
https://sacrd.org/directory/subcategory/nutrition-education?zipcode=78207,https://sacrd.org/directory/organization?zipcode=78214,1,1
https://sacrd.org/directory/subcategory/affordable-fresh-food?zipcode=78214,https://sacrd.org/directory/organization?zipcode=78205,1,1
https://sacrd.org/directory/organization?zipcode=78218,https://www.instagram.com/,3,3
https://sacrd.org/directory/subcategory/emergency-food?zipcode=78211,https://www.facebook.com/,2,2
https://sacrd.org/directory/subcategory/job-training?zipcode=78228,https://sacrd.org/directory/organization?zipcode=78201,1,1
https://sacrd.org/directory/subcategory/affordable-fresh-food?zipcode=78228,https://www.facebook.com/,2,2
https://sacrd.org/directory/organization?zipcode=78210,https://www.facebook.com/,2,2
https://sacrd.org/directory/organization?zipcode=78237,https://www.google.com/,1,1
https://sacrd.org/directory/organization?zipcode=78210,https://www.google.com/,1,1
https://sacrd.org/directory/subcategory/nutrition-education?zipcode=78214,(direct),1,1
https://sacrd.org/directory/subcategory/community-garden?zipcode=78237,https://sacrd.org/directory/organization?zipcode=78202,2,2
https://sacrd.org/directory/organization?zipcode=78211,(direct),3,3
https://sacrd.org/directory/organization?zipcode=78211,https://www.facebook.com/,1,1
https://sacrd.org/directory/organization?zipcode=78218,https://www.facebook.com/,2,2
https://sacrd.org/directory/subcategory/senior-programs?zipcode=78202,https://www.google.com/,1,1
https://sacrd.org/directory/subcategory/emergency-food?zipcode=78205,https://sacrd.org/directory/organization?zipcode=78207,3,3
https://sacrd.org/directory/subcategory/food-delivery?zipcode=78214,(direct),1,1
https://sacrd.org/directory/subcategory/help-pay-for-food?zipcode=78207,https://www.facebook.com/,1,1
https://sacrd.org/directory/subcategory/affordable-fresh-food?zipcode=78203,https://sacrd.org/directory/organization?zipcode=78218,1,1
https://sacrd.org/directory/subcategory/food-pantry?zipcode=78205,https://www.google.com/,1,1
https://sacrd.org/directory/subcategory/mental-healthcare?zipcode=78211,https://sacrd.org/directory/organization?zipcode=78228,3,3
https://sacrd.org/directory/subcategory/affordable-fresh-food?zipcode=78203,https://sacrd.org/directory/organization?zipcode=78211,1,1
https://sacrd.org/directory/subcategory/food-pantry?zipcode=78210,https://www.instagram.com/,2,2
https://sacrd.org/directory/subcategory/food-pantry?zipcode=78202,(direct),2,2
https://sacrd.org/directory/subcategory/food-delivery?zipcode=78201,https://www.instagram.com/,2,2
https://sacrd.org/directory/subcategory/job-training?zipcode=78207,(direct),1,1
https://sacrd.org/directory/organization?zipcode=78210,https://www.google.com/,3,3
https://sacrd.org/directory/subcategory/nutrition-education?zipcode=78237,https://www.facebook.com/,3,3
https://sacrd.org/directory/subcategory/food-delivery?zipcode=78202,https://www.google.com/,1,1
https://sacrd.org/directory/subcategory/community-garden?zipcode=78202,https://www.facebook.com/,1,1
https://sacrd.org/directory/organization?zipcode=78237,https://www.instagram.com/,2,2
https://sacrd.org/directory/organization?zipcode=78201,https://sacrd.org/directory/organization?zipcode=78210,2,2
https://sacrd.org/directory/organization?zipcode=78201,https://www.instagram.com/,1,1
https://sacrd.org/directory/organization?zipcode=78214,https://www.facebook.com/,1,1
https://sacrd.org/directory/organization?zipcode=78214,https://www.instagram.com/,1,1
https://sacrd.org/directory/subcategory/food-pantry?zipcode=78205,(direct),2,2
https://sacrd.org/directory/subcategory/mental-healthcare?zipcode=78218,https://www.facebook.com/,2,2
https://sacrd.org/directory/subcategory/community-garden?zipcode=78218,https://sacrd.org/directory/organization?zipcode=78214,1,1
https://sacrd.org/directory/subcategory/community-garden?zipcode=78218,https://sacrd.org/directory/organization?zipcode=78203,1,1
https://sacrd.org/directory/organization?zipcode=78201,https://www.instagram.com/,2,2
https://sacrd.org/directory/subcategory/food-delivery?zipcode=78205,https://sacrd.org/directory/organization?zipcode=78214,2,2
https://sacrd.org/directory/organization?zipcode=78218,https://www.facebook.com/,3,3
https://sacrd.org/directory/organization?zipcode=78228,https://www.facebook.com/,1,1
https://sacrd.org/directory/subcategory/food-delivery?zipcode=78211,https://www.instagram.com/,2,2
https://sacrd.org/directory/subcategory/nutrition-education?zipcode=78205,https://sacrd.org/directory/organization?zipcode=78202,1,1
https://sacrd.org/directory/organization?zipcode=78228,(direct),1,1
https://sacrd.org/directory/subcategory/nutrition-education?zipcode=78210,https://www.facebook.com/,1,1
https://sacrd.org/directory/organization?zipcode=78218,https://www.facebook.com/,2,2
https://sacrd.org/directory/subcategory/affordable-fresh-food?zipcode=78237,(direct),1,1
https://sacrd.org/directory/subcategory/food-pantry?zipcode=78202,https://www.facebook.com/,1,1
https://sacrd.org/directory/subcategory/community-garden?zipcode=78207,https://www.instagram.com/,1,1
https://sacrd.org/directory/organization?zipcode=78207,(direct),1,1
https://sacrd.org/directory/subcategory/financial-education?zipcode=78218,https://www.instagram.com/,2,2
https://sacrd.org/directory/subcategory/community-garden?zipcode=78205,https://sacrd.org/directory/organization?zipcode=78211,3,3
